{"frames":{"victorypose20.png":{"frame":{"x":0,"y":0,"w":540,"h":648},"rotated":false,"trimmed":false,"spriteSourceSize":{"x":0,"y":0,"w":540,"h":648},"sourceSize":{"w":540,"h":648}},"victorypose21.png":{"frame":{"x":540,"y":0,"w":540,"h":648},"rotated":false,"trimmed":false,"spriteSourceSize":{"x":0,"y":0,"w":540,"h":648},"sourceSize":{"w":540,"h":648}}},"meta":{"app":"https://github.com/piskelapp/piskel/","version":"1.0","image":"victorypose2.png","format":"RGBA8888","size":{"w":1080,"h":648}}}